{
    "usingComponents": {
        "m-form": "./../../components/m-form/m-form",
        "m-form-item": "./../../components/m-form-item/m-form-item",
        "m-picker": "./../../components/m-picker/m-picker",
        "m-upload-file": "./../../components/m-upload-file/m-upload-file",
        "c-dialog": "./../../npm/cml-ui/components/c-dialog/c-dialog",
        "cml-buildin-button": "./../../npm/chameleon-ui-builtin/components/button/button",
        "cml-buildin-input": "./../../npm/chameleon-ui-builtin/components/input/input",
        "cml-buildin-textarea": "./../../npm/chameleon-ui-builtin/components/textarea/textarea"
    },
    "navigationBarTitleText": "需求填报",
    "backgroundTextStyle": "dark",
    "backgroundColor": "#E2E2E2"
}