{
    "usingComponents": {
        "c-tab": "./../../npm/cml-ui/components/c-tab/c-tab",
        "c-tab-pane": "./../../npm/cml-ui/components/c-tab-pane/c-tab-pane",
        "c-tab-pane-item": "./../../npm/cml-ui/components/c-tab-pane-item/c-tab-pane-item",
        "my-gongei": "./my-gongei/my-gongei",
        "my-xuqiu": "./my-xuqiu/my-xuqiu",
        "my-gongei-yixiang": "./my-gongei-yixiang/my-gongei-yixiang",
        "my-xuqiu-yixiang": "./my-xuqiu-yixiang/my-xuqiu-yixiang"
    },
    "navigationBarTitleText": "用户中心",
    "backgroundTextStyle": "dark",
    "backgroundColor": "#E2E2E2"
}