{
    "usingComponents": {
        "m-form": "./../../components/m-form/m-form",
        "m-form-item": "./../../components/m-form-item/m-form-item",
        "m-picker": "./../../components/m-picker/m-picker",
        "m-upload-image": "./../../components/m-upload-image/m-upload-image",
        "c-dialog": "./../../npm/cml-ui/components/c-dialog/c-dialog",
        "cml-buildin-button": "./../../npm/chameleon-ui-builtin/components/button/button",
        "cml-buildin-input": "./../../npm/chameleon-ui-builtin/components/input/input"
    },
    "navigationBarTitleText": "个人信息认证",
    "backgroundTextStyle": "dark",
    "backgroundColor": "#E2E2E2"
}