{
    "usingComponents": {
        "c-dialog": "./../../npm/cml-ui/components/c-dialog/c-dialog",
        "m-modal": "./../../components/m-modal/m-modal",
        "m-picker": "./../../components/m-picker/m-picker",
        "cml-buildin-button": "./../../npm/chameleon-ui-builtin/components/button/button",
        "cml-buildin-input": "./../../npm/chameleon-ui-builtin/components/input/input",
        "cml-buildin-refresh-view": "./../../npm/chameleon-ui-builtin/components/refresh-view/refresh-view"
    }
}